{
  "project_info": {
    "project_number": "460469489041",
    "firebase_url": "https://irrigation-2.firebaseio.com",
    "project_id": "irrigation-2",
    "storage_bucket": "irrigation-2.appspot.com"
  },
  "client": [
    {
      "client_info": {
        "mobilesdk_app_id": "1:460469489041:android:ba30cba08e478202189e30",
        "android_client_info": {
          "package_name": "com.example.sics3"
        }
      },
      "oauth_client": [
        {
          "client_id": "460469489041-38jgl82st3mvvj911dg2e54iks1eichp.apps.googleusercontent.com",
          "client_type": 1,
          "android_info": {
            "package_name": "com.example.sics3",
            "certificate_hash": "74a085071efd58fed4b4915b5f58aeaddc828569"
          }
        },
        {
          "client_id": "460469489041-gfrd1v0bll8h3fokrv34kt9h6orkce2n.apps.googleusercontent.com",
          "client_type": 3
        }
      ],
      "api_key": [
        {
          "current_key": "AIzaSyBxRH9V2IV9x_OdtweXZUArW3q59NCNUDs"
        }
      ],
      "services": {
        "appinvite_service": {
          "other_platform_oauth_client": [
            {
              "client_id": "460469489041-gfrd1v0bll8h3fokrv34kt9h6orkce2n.apps.googleusercontent.com",
              "client_type": 3
            }
          ]
        }
      }
    }
  ],
  "configuration_version": "1"
}